Nome Urna;Coligação;Totalização;Partido
ABEL GRAVE;REPUBLICANOS;Concorrendo;10425
ABRÃO GODOIS;FEDERAÇÃO PSOL REDE(PSOL/REDE);Concorrendo;50023
ADÃO PRETTO;FEDERAÇÃO BRASIL DA ESPERANÇA - FE BRASIL(PT/PC do B/PV);Concorrendo;13655
ADELMO SOUZA;REPUBLICANOS;Concorrendo;10110
ADILSON - GAÚCHO SEVERO;FEDERAÇÃO PSDB CIDADANIA(PSDB/CIDADANIA);Concorrendo;45386
ADOLFO BRITO;FEDERAÇÃO UNIÃO PROGRESSISTA(UNIÃO/PP);Concorrendo;11240
ADRI CHERINI;PL;Concorrendo;22222
ADRI MORAES;NOVO;Concorrendo;30337
ADRIANA DA SILVA;PODE;Concorrendo;20444
ADRIANA LARA;PL;Concorrendo;22789
ADRIANA LEITE;PL;Concorrendo;22223
ADRIANE RODRIGUES;REPUBLICANOS;Concorrendo;10522
ADRIANO RICOLDI;FEDERAÇÃO PSOL REDE(PSOL/REDE);Concorrendo;50550
ADRIANO STRACK;PODE;Concorrendo;20092
ADRO CONTADOR;MDB;Concorrendo;15070
AIRTON ARTUS;PDT;Concorrendo;12012
AIRTON LIMA;REPUBLICANOS;Concorrendo;10444
ALANO;MDB;Concorrendo;15757
ALEMÃO DA BORRACHARIA;PODE;Concorrendo;20007
ALEMÃO KLAUS;PL;Concorrendo;22345
ALEQUIS COLETIVO;PSB;Concorrendo;40400
ALEX BARBOZA;PODE;Concorrendo;20051
ALEX GUATI;FEDERAÇÃO PSDB CIDADANIA(PSDB/CIDADANIA);Concorrendo;45333
ALEXANDRA LENTZ;FEDERAÇÃO UNIÃO PROGRESSISTA(UNIÃO/PP);Concorrendo;11100
ALEXANDRE;FEDERAÇÃO PSDB CIDADANIA(PSDB/CIDADANIA);Concorrendo;45459
ALEXANDRE BUBLITZ;FEDERAÇÃO BRASIL DA ESPERANÇA - FE BRASIL(PT/PC do B/PV);Concorrendo;13010
ALEXANDRE GONÇALVES;PDT;Concorrendo;12001
ALEXIS GREGO;PODE;Concorrendo;20010
ALI KLEMT;PL;Concorrendo;22800
ALICE CARVALHO;FEDERAÇÃO PSOL REDE(PSOL/REDE);Concorrendo;50777
ALVARO MANZONI;REPUBLICANOS;Concorrendo;10610
AMADEU BOEIRA;FEDERAÇÃO UNIÃO PROGRESSISTA(UNIÃO/PP);Concorrendo;44661
AMANDA RODRIGUES;PDT;Concorrendo;12700
AMARAL NEGRITO;PSB;Concorrendo;40466
ANA AFFONSO;FEDERAÇÃO BRASIL DA ESPERANÇA - FE BRASIL(PT/PC do B/PV);Concorrendo;13813
ANA CRISTINA;MDB;Concorrendo;15770
ANA TÓPPOR;FEDERAÇÃO PSDB CIDADANIA(PSDB/CIDADANIA);Concorrendo;45007
ANDERSON SILVA;PSTU;Concorrendo;16161
ANDRÉ DUARTE;PDT;Concorrendo;12470
ANDRÉ OLIVEIRA;PSB;Concorrendo;40140
ANDREIA MARGAREZI;PDT;Concorrendo;12777
ANDRESSA GONCALVES;DEMOCRATA;Concorrendo;35432
ANDRESSA MAIS PARTICIPAÇÃO;PSB;Concorrendo;40800
ANETTE SCHIEMANN;NOVO;Concorrendo;30030
ANINHA;FEDERAÇÃO UNIÃO PROGRESSISTA(UNIÃO/PP);Concorrendo;11411
ANTONIO JUNIOR;DEMOCRATA;Concorrendo;35300
APOENÃ;PODE;Concorrendo;20900
ARITA BERGMANN;PSD;Concorrendo;55555
ARLINDO LOPES;MDB;Concorrendo;15222
ARQUITETA MILENA;MDB;Concorrendo;15151
BARBARA PENNA;FEDERAÇÃO UNIÃO PROGRESSISTA(UNIÃO/PP);Concorrendo;44180
BETO DA BEIRA DO RIO;FEDERAÇÃO PSDB CIDADANIA(PSDB/CIDADANIA);Concorrendo;45011
BETO FANTINEL;MDB;Concorrendo;15500
BIA PICCOLI;FEDERAÇÃO UNIÃO PROGRESSISTA(UNIÃO/PP);Concorrendo;11311
BOMBEIRO BATISTA;REPUBLICANOS;Concorrendo;10193
BROCCA;FEDERAÇÃO PSDB CIDADANIA(PSDB/CIDADANIA);Concorrendo;23023
BRUNA MARIN;MDB;Concorrendo;15815
BRUNA MOLZ;PODE;Concorrendo;20510
BRUNA RODRIGUES;PSB;Concorrendo;40180
BRUNNO MATTOS;FEDERAÇÃO BRASIL DA ESPERANÇA - FE BRASIL(PT/PC do B/PV);Concorrendo;13013
BRUNO BERTÉ;PDT;Concorrendo;12121
CAMARGO DO UBER;NOVO;Concorrendo;30789
CAMILA MARQUES;MDB;Concorrendo;15959
CAMILA NUNES;PL;Concorrendo;22000
CAMILA RODRIGUES;FEDERAÇÃO PSDB CIDADANIA(PSDB/CIDADANIA);Concorrendo;23303
CAMILA WILLEMBERG;NOVO;Concorrendo;30712
CAMILO BAPTISTA;REPUBLICANOS;Concorrendo;10999
CAPITÃO MACEDO;PODE;Concorrendo;20122
CAPITÃO MARTIM;REPUBLICANOS;Concorrendo;10122
CARLA BRUM;REPUBLICANOS;Concorrendo;10888
CARLA DUWE;NOVO;Concorrendo;30003
CARLOS BREIK;PDT;Concorrendo;12612
CARLOS BÚRIGO;MDB;Concorrendo;15140
CARLOS DA CAIXA D'ÁGUA;PSD;Concorrendo;55188
CARLOS IRAN;MISSÃO;Concorrendo;14333
CARLOS MUCHALE;PDT;Concorrendo;12789
CARLOS TUBARÃO;REPUBLICANOS;Concorrendo;10250
CÁSSIO SILVEIRA;REPUBLICANOS;Concorrendo;10808
CÁTIA BELMONTE;PSD;Concorrendo;55333
CÁTINA MONTEIRO;PDT;Concorrendo;12912
CATITE;REPUBLICANOS;Concorrendo;10234
CELITO;PODE;Concorrendo;20321
CESAR OLIVEIRA;PSD;Concorrendo;55111
CÉSINHA;PSB;Concorrendo;40123
CHARLES ANDRADE;PL;Concorrendo;22202
CHARLES OLIVEIRA;NOVO;Concorrendo;30010
CHARLIS SANTOS;FEDERAÇÃO UNIÃO PROGRESSISTA(UNIÃO/PP);Concorrendo;44000
CHIQUINHO ZONIN;PSB;Concorrendo;40111
CLAIR KUHN;MDB;Concorrendo;15789
CLASSMANN;PSD;Concorrendo;55200
CLAUDIA ARAUJO;PSD;Concorrendo;55777
CLÁUDIA AZEVEDO;FEDERAÇÃO BRASIL DA ESPERANÇA - FE BRASIL(PT/PC do B/PV);Concorrendo;43043
CLAUDIA LACERDA;NOVO;Concorrendo;30019
CLAUDINHA SANTOS;REPUBLICANOS;Concorrendo;10192
CLAUDIO PATAÇO;FEDERAÇÃO PSDB CIDADANIA(PSDB/CIDADANIA);Concorrendo;45444
CLAUDIO QUEVEDO;FEDERAÇÃO UNIÃO PROGRESSISTA(UNIÃO/PP);Concorrendo;11625
CLÁUDIO TATSCH;PL;Concorrendo;22034
CLAUDIO TORALLES;FEDERAÇÃO BRASIL DA ESPERANÇA - FE BRASIL(PT/PC do B/PV);Concorrendo;13012
CLEDIGERSI DO HDV NEWS;DEMOCRATA;Concorrendo;35777
CLEONICE BACK;FEDERAÇÃO BRASIL DA ESPERANÇA - FE BRASIL(PT/PC do B/PV);Concorrendo;13131
COMANDANTE NÁDIA;PL;Concorrendo;22190
COMETINHA;FEDERAÇÃO PSDB CIDADANIA(PSDB/CIDADANIA);Concorrendo;45745
COMUNICADOR JULIANO;PODE;Concorrendo;20087
CORONEL EVERTON;NOVO;Concorrendo;30193
CRIS LOHMANN;MDB;Concorrendo;15123
CRISTIAN CORAÇÃO HUMANO;DEMOCRATA;Concorrendo;35077
CRISTIAN PAULO;NOVO;Concorrendo;30369
CRISTIANE VACCA;FEDERAÇÃO UNIÃO PROGRESSISTA(UNIÃO/PP);Concorrendo;11033
CRISTIANE VALÉRIO;PSD;Concorrendo;55666
CRISTIANO CARDOSO;PDT;Concorrendo;12800
CRISTOL GOUVÊA;NOVO;Concorrendo;30999
DAIANE MELLO;PL;Concorrendo;22522
DAL BÓ;NOVO;Inapto;30330
DANI DARLEI;DEMOCRATA;Concorrendo;35018
DANI SILVA;NOVO;Concorrendo;30054
DANIEL BORDIM;PL;Concorrendo;22002
DANIEL BORGES;PL;Concorrendo;22333
DANIEL FERREIRA;FEDERAÇÃO BRASIL DA ESPERANÇA - FE BRASIL(PT/PC do B/PV);Concorrendo;13313
DANIEL TORRES;DEMOCRATA;Concorrendo;35000
DANIELA BROCCA;REPUBLICANOS;Concorrendo;10789
DANIELA FIORENTIN;MDB;Concorrendo;15050
DANILO RODRIGUES;MDB;Concorrendo;15300
DANNI COUTO;MDB;Concorrendo;15700
DANRLEI MASSENA;PDT;Concorrendo;12444
DANUSA SULZBACHER;REPUBLICANOS;Concorrendo;10005
DARIU GARCIA;FEDERAÇÃO BRASIL DA ESPERANÇA - FE BRASIL(PT/PC do B/PV);Concorrendo;13112
DARLÃ BELLINI;FEDERAÇÃO PSDB CIDADANIA(PSDB/CIDADANIA);Concorrendo;45800
DÉIA RAMMÉ;REPUBLICANOS;Concorrendo;10010
DEISI MARANATA;PODE;Concorrendo;20700
DELEGADA ANA TAROUCO;PSD;Concorrendo;55222
DELEGADA NADINE;PSD;Concorrendo;55444
DELEGADO ZUCCO;REPUBLICANOS;Concorrendo;10222
DENTISTA ELISA;NOVO;Concorrendo;30301
DERLI DA SILVA;FEDERAÇÃO PSDB CIDADANIA(PSDB/CIDADANIA);Concorrendo;45456
DIANA SALES;PSD;Concorrendo;55255
DIEGO PICUCHA;PDT;Concorrendo;12900
DILA BANDEIRA;FEDERAÇÃO PSDB CIDADANIA(PSDB/CIDADANIA);Concorrendo;45657
DIMAS COSTA;PSD;Concorrendo;55456
DINHO MOURA- AUTISMO;REPUBLICANOS;Concorrendo;10088
DIRCEU FRANCISCON;FEDERAÇÃO UNIÃO PROGRESSISTA(UNIÃO/PP);Concorrendo;44444
DIRCEU QUADROS;PL;Concorrendo;22700
DJALMA DUTRA;FEDERAÇÃO PSOL REDE(PSOL/REDE);Concorrendo;50007
DOMINGUES DA PONTE DO GUAÍBA;PODE;Concorrendo;20006
DOUGLAS BUTZKE;FEDERAÇÃO BRASIL DA ESPERANÇA - FE BRASIL(PT/PC do B/PV);Concorrendo;13778
DOUGLAS DIESEL;PSD;Concorrendo;55225
DR CHOU YI;REPUBLICANOS;Concorrendo;10456
DR. ALVARO MEIRA;PDT;Concorrendo;12888
DR. PAULO BASTOS;PL;Concorrendo;22009
DR. THIAGO;PDT;Concorrendo;12122
DR. TIAGO;FEDERAÇÃO PSDB CIDADANIA(PSDB/CIDADANIA);Concorrendo;45555
DR.DEIVID SALOME GOULART FILHO;PODE;Concorrendo;20001
DRA JULIE MILANO;PODE;Concorrendo;20800
DRA MARIA DE FÁTIMA;REPUBLICANOS;Concorrendo;10510
DUDA PERES;PODE;Concorrendo;20009
ÉBER LANGONI;NOVO;Concorrendo;30011
EDISON ARNT;PL;Concorrendo;22555
EDIVILSON BRUM;MDB;Concorrendo;15200
EDUARDO LOUREIRO;PDT;Concorrendo;12412
EDUARDO LUCAS;PL;Concorrendo;22118
EFREU QUINTANA;NOVO;Concorrendo;30700
ELANICE MULLER;PODE;Concorrendo;20077
ELIANA BAYER;REPUBLICANOS;Concorrendo;10120
ELIANA OLIVEIRA;DEMOCRATA;Concorrendo;35147
ELICEZIO BRUM DE ALMEIDA;NOVO;Concorrendo;30033
ELIEL ALVES;PL;Concorrendo;22200
ELIZANDRO SABINO;REPUBLICANOS;Concorrendo;10777
ELTON WEBER;PSD;Concorrendo;55120
ELVIS FELTRIN;PL;Concorrendo;22044
ÉMERSON CARDOSO;NOVO;Concorrendo;30111
ENFERMEIRA LILIAN RAMOS;FEDERAÇÃO PSDB CIDADANIA(PSDB/CIDADANIA);Concorrendo;45100
ENFERMEIRA MICHELE GALVÃO;FEDERAÇÃO PSDB CIDADANIA(PSDB/CIDADANIA);Concorrendo;45455
ENFERMEIRA SIMONE FANTINEL;REPUBLICANOS;Concorrendo;10200
ENFERMEIRO LUÍS AFONSO;FEDERAÇÃO PSDB CIDADANIA(PSDB/CIDADANIA);Concorrendo;45400
ENIO TERRA;PODE;Concorrendo;20555
ERIC DOUGLAS;FEDERAÇÃO UNIÃO PROGRESSISTA(UNIÃO/PP);Concorrendo;44777
ERICK DENIL;FEDERAÇÃO BRASIL DA ESPERANÇA - FE BRASIL(PT/PC do B/PV);Concorrendo;65444
ERICKA OLIVEIRA;FEDERAÇÃO BRASIL DA ESPERANÇA - FE BRASIL(PT/PC do B/PV);Concorrendo;13300
ERON GARCIA;PL;Concorrendo;22221
ESQUERDA CARNEIRO;PSD;Inapto;55503
EVA VALERIA LORENZATO;FEDERAÇÃO BRASIL DA ESPERANÇA - FE BRASIL(PT/PC do B/PV);Concorrendo;13123
EVÂNIA NUNES;PDT;Concorrendo;12666
EVARISTO RIGHETTO GAÚCHO SOLID;REPUBLICANOS;Concorrendo;10800
EVELYN DO VASQUINHO;FEDERAÇÃO PSDB CIDADANIA(PSDB/CIDADANIA);Concorrendo;45111
EVERALDO DE OLIVEIRA;FEDERAÇÃO BRASIL DA ESPERANÇA - FE BRASIL(PT/PC do B/PV);Concorrendo;43430
EVERALDO OLIVEIRA;UP;Concorrendo;80000
EZEQUIEL ROCHA;REPUBLICANOS;Concorrendo;10045
FABI MEDEIROS;FEDERAÇÃO UNIÃO PROGRESSISTA(UNIÃO/PP);Concorrendo;44181
FABIANO BENITES;FEDERAÇÃO PSOL REDE(PSOL/REDE);Concorrendo;50111
FABIANO DIEHL;FEDERAÇÃO UNIÃO PROGRESSISTA(UNIÃO/PP);Concorrendo;44333
FABIANY ZOGBI ROIG - FÁ;FEDERAÇÃO UNIÃO PROGRESSISTA(UNIÃO/PP);Concorrendo;44567
FABY GOMES;FEDERAÇÃO PSOL REDE(PSOL/REDE);Concorrendo;50570
FELIPE TORRES;PL;Concorrendo;22193
FELIPE VARGAS;REPUBLICANOS;Concorrendo;10357
FERNANDA BIDIGARAY;REPUBLICANOS;Concorrendo;10775
FERNANDA BOHN;PODE;Concorrendo;20168
FERNANDA LIMA;REPUBLICANOS;Concorrendo;10123
FERNANDA MACHADO;FEDERAÇÃO PSDB CIDADANIA(PSDB/CIDADANIA);Concorrendo;45777
FERNANDA MIRANDA;FEDERAÇÃO PSOL REDE(PSOL/REDE);Concorrendo;50999
FERNANDO ESTIMA;REPUBLICANOS;Concorrendo;10322
FERNANDO MESTRE PELÉ;PSD;Concorrendo;55855
FERNANDO POSTAL;MDB;Concorrendo;15150
FERRONY;MDB;Concorrendo;15666
FIFO PARENTI;MDB;Concorrendo;15444
FILIPE GIL;PL;Concorrendo;22022
FREDI ANDRIGO;PODE;Concorrendo;20111
FRIGHETO CAMINHONEIRO;PODE;Concorrendo;20374
GABI ROSA;FEDERAÇÃO PSOL REDE(PSOL/REDE);Concorrendo;50200
GABRIEL DIAS;PODE;Concorrendo;20400
GABRIEL DIEDRICH;MDB;Concorrendo;15800
GABRIELA ORTIZ;PDT;Concorrendo;12132
GARÇOM RONI;PDT;Concorrendo;12999
GARRÃO;PODE;Concorrendo;20089
GAÚCHO DA GERAL;FEDERAÇÃO UNIÃO PROGRESSISTA(UNIÃO/PP);Concorrendo;11555
GAÚCHO DA NEVE;PL;Concorrendo;22033
GERALDO SILVEIRA;PSB;Concorrendo;40369
GERSON BURMANN;PDT;Concorrendo;12312
GIAN PEDROSO;PSD;Concorrendo;55005
GILBERTO;REPUBLICANOS;Concorrendo;10112
GILMAR SOSSELLA;PDT;Concorrendo;12333
GIO KRUG;PSD;Concorrendo;55190
GIOVANE BYL;PODE;Concorrendo;20000
GIOVANI CULAU;FEDERAÇÃO BRASIL DA ESPERANÇA - FE BRASIL(PT/PC do B/PV);Concorrendo;65656
GIULIANO TAMAGNO;PDT;Concorrendo;12190
GIUSEPPE RIESGO;NOVO;Concorrendo;30500
GLORIA MENEGOTTO;FEDERAÇÃO UNIÃO PROGRESSISTA(UNIÃO/PP);Concorrendo;44044
GRASIELA MAUER;REPUBLICANOS;Concorrendo;10710
GRASSELLI;FEDERAÇÃO BRASIL DA ESPERANÇA - FE BRASIL(PT/PC do B/PV);Concorrendo;13690
GRAZI DO AGRO;PL;Concorrendo;22051
GRAZZY DE OYÁ;MDB;Concorrendo;15007
GUGU STREIT;PODE;Concorrendo;20200
GUGUINHA DA PADARIA;PSD;Concorrendo;55455
GUILHERME GIL;FEDERAÇÃO PSOL REDE(PSOL/REDE);Concorrendo;50950
GUILHERME PASIN;FEDERAÇÃO UNIÃO PROGRESSISTA(UNIÃO/PP);Concorrendo;11333
GUTO LOPES;PDT;Concorrendo;12512
HALLEY;FEDERAÇÃO BRASIL DA ESPERANÇA - FE BRASIL(PT/PC do B/PV);Concorrendo;13111
HELEN CABRAL;FEDERAÇÃO BRASIL DA ESPERANÇA - FE BRASIL(PT/PC do B/PV);Concorrendo;13730
HUMBERTO MATOS;FEDERAÇÃO BRASIL DA ESPERANÇA - FE BRASIL(PT/PC do B/PV);Concorrendo;65065
HUMBERTO NETO;MDB;Concorrendo;15001
IDIANESA DE BISPO GODINHO;MDB;Concorrendo;15030
INÁCIO RODRIGUES;FEDERAÇÃO PSOL REDE(PSOL/REDE);Concorrendo;50222
IRMÃO CARLOS ALEX;NOVO;Concorrendo;30130
IURI CABELEIRA;NOVO;Concorrendo;30200
IVERÁ;FEDERAÇÃO PSOL REDE(PSOL/REDE);Concorrendo;50888
IVETE GRADE;PODE;Concorrendo;20100
IVONETE CARVALHO;FEDERAÇÃO BRASIL DA ESPERANÇA - FE BRASIL(PT/PC do B/PV);Concorrendo;13677
JADERSON SCHLEE;NOVO;Concorrendo;30600
JAIR BINOTTO;FEDERAÇÃO UNIÃO PROGRESSISTA(UNIÃO/PP);Concorrendo;44555
JANE LONGARAY BITENCOURT;PSB;Concorrendo;40199
JANINE SOARES;PSB;Concorrendo;40777
JAQUE D´AVILA;FEDERAÇÃO PSDB CIDADANIA(PSDB/CIDADANIA);Concorrendo;45645
JAQUE SILVEIRA;PSB;Concorrendo;40401
JEFERSON FERNANDES;FEDERAÇÃO BRASIL DA ESPERANÇA - FE BRASIL(PT/PC do B/PV);Concorrendo;13120
JÉSLEI SALLINES;PSB;Concorrendo;40222
JESSÉ MARTINS DE HORIZONTINA;REPUBLICANOS;Concorrendo;10400
JOÃO HENRIQUE;FEDERAÇÃO PSDB CIDADANIA(PSDB/CIDADANIA);Concorrendo;45008
JOÃO MARCOS;PDT;Concorrendo;12233
JOÃO MENDONÇA;REPUBLICANOS;Concorrendo;10111
JOÃO MONTEIRO;FEDERAÇÃO UNIÃO PROGRESSISTA(UNIÃO/PP);Concorrendo;11126
JOÃO PAULO;MISSÃO;Concorrendo;14111
JOÃO PEDRO;MDB;Concorrendo;15100
JOÃO PEDRO GRILL;PSB;Concorrendo;40000
JOÃO UEZ;REPUBLICANOS;Concorrendo;10603
JOCIELE CAGOL;PODE;Concorrendo;20172
JOEL BOLSONARO;PL;Concorrendo;22470
JOEL WILHELM;FEDERAÇÃO UNIÃO PROGRESSISTA(UNIÃO/PP);Concorrendo;11000
JONAS RODRIGUES;PL;Concorrendo;22300
JORGE POZZOBOM;PSD;Concorrendo;55678
JOSÉ E. BUCHABQUI;MDB;Concorrendo;15111
JOSE RODOLFO;MDB;Inapto;15020
JOSI CUNHA;FEDERAÇÃO PSDB CIDADANIA(PSDB/CIDADANIA);Concorrendo;45045
JUELCI DE SOUZA;NOVO;Concorrendo;30321
JULI CUCIOLLI;PL;Concorrendo;22030
JULINHO CUNHA;NOVO;Concorrendo;30053
JULIO JEREMIAS;PSD;Concorrendo;55999
JÚLIO LAMIM;FEDERAÇÃO UNIÃO PROGRESSISTA(UNIÃO/PP);Concorrendo;44100
JULIO LUZ;PSD;Concorrendo;55955
JULIO VOLINO;FEDERAÇÃO PSDB CIDADANIA(PSDB/CIDADANIA);Concorrendo;45233
JUNIOR FOX;PL;Concorrendo;22011
KADIM;FEDERAÇÃO PSDB CIDADANIA(PSDB/CIDADANIA);Concorrendo;23320
KAKÁ D´ÁVILA;PODE;Concorrendo;20333
KAREN SANTOS;FEDERAÇÃO PSOL REDE(PSOL/REDE);Concorrendo;50555
KÁTIA DO CAMELÓDROMO;FEDERAÇÃO PSDB CIDADANIA(PSDB/CIDADANIA);Concorrendo;45086
KELLEN IUNG;FEDERAÇÃO PSDB CIDADANIA(PSDB/CIDADANIA);Concorrendo;45999
KELLY MORAES;PL;Concorrendo;22214
LADISLÊ TEIXEIRA;PSB;Concorrendo;40444
LARISSA RODRIGUES;PL;Concorrendo;22020
LAURA FERRAZ;NOVO;Concorrendo;30051
LAURA PADULA;FEDERAÇÃO PSDB CIDADANIA(PSDB/CIDADANIA);Concorrendo;23456
LEANDRO LIBAN;PSB;Concorrendo;40707
LEANDRO VARGAS;REPUBLICANOS;Concorrendo;10220
LECO;MDB;Concorrendo;15456
LEIDINARA MARQUES;PDT;Concorrendo;12613
LELINHO LOPES;FEDERAÇÃO BRASIL DA ESPERANÇA - FE BRASIL(PT/PC do B/PV);Concorrendo;13800
LENARA MACHADO;PSB;Concorrendo;40540
LÉO DA COSTA;FEDERAÇÃO BRASIL DA ESPERANÇA - FE BRASIL(PT/PC do B/PV);Concorrendo;13333
LÉO KRAUSE;PSB;Concorrendo;40999
LEONARDO MARTINS;FEDERAÇÃO PSDB CIDADANIA(PSDB/CIDADANIA);Concorrendo;45678
LEONEL RADDE;FEDERAÇÃO BRASIL DA ESPERANÇA - FE BRASIL(PT/PC do B/PV);Concorrendo;13007
LISI CARDOSO;MDB;Concorrendo;15099
LISSANDRA THOMSEN;MDB;Concorrendo;15077
LORENA PIRES;PSD;Concorrendo;55122
LU SLAVIERO;NOVO;Concorrendo;30777
LUCAS DE FREITAS;PL;Concorrendo;22722
LUCAS DIAS;FEDERAÇÃO PSDB CIDADANIA(PSDB/CIDADANIA);Concorrendo;45097
LUCIANA GENRO;FEDERAÇÃO PSOL REDE(PSOL/REDE);Concorrendo;50000
LUCIANA MENDES;MDB;Concorrendo;15400
LUCIANE AGAZZI;FEDERAÇÃO UNIÃO PROGRESSISTA(UNIÃO/PP);Concorrendo;44123
LUCIANE D'AVILA;FEDERAÇÃO BRASIL DA ESPERANÇA - FE BRASIL(PT/PC do B/PV);Concorrendo;43999
LUCIANO DRUM;NOVO;Concorrendo;30900
LUCIANO FIGUEIREDO - LUKA;FEDERAÇÃO PSDB CIDADANIA(PSDB/CIDADANIA);Concorrendo;45222
LUCIANO ORSI;PDT;Concorrendo;12222
LUCIANO SILVEIRA;MDB;Concorrendo;15000
LUÍS BENOITT;PL;Concorrendo;22888
LUIS FERNANDO BRAITE;PDT;Concorrendo;12192
LUÍS FERNANDO PIRES;FEDERAÇÃO UNIÃO PROGRESSISTA(UNIÃO/PP);Concorrendo;11522
LUIZ JACOMINI;PDT;Concorrendo;12500
LUIZ MARENCO;PDT;Concorrendo;12220
LUKY VIEIRA;REPUBLICANOS;Concorrendo;10600
MACIEL;REPUBLICANOS;Concorrendo;10272
MAGAIVER DIAS;FEDERAÇÃO PSDB CIDADANIA(PSDB/CIDADANIA);Concorrendo;45500
MAGDIEL BISSACO;PL;Concorrendo;22999
MAHMOUD AMER;PL;Concorrendo;22444
MAIQUEL BUTZKE;FEDERAÇÃO UNIÃO PROGRESSISTA(UNIÃO/PP);Concorrendo;44222
MAÍRA LESSA;PODE;Concorrendo;20020
MANECO HASSEN;FEDERAÇÃO BRASIL DA ESPERANÇA - FE BRASIL(PT/PC do B/PV);Concorrendo;13700
MANINHO;MDB;Concorrendo;15013
MANINHO CARLOS EDUARDO;MDB;Concorrendo;15600
MARA SANTOS;PDT;Concorrendo;12015
MARCELO APOITIA;FEDERAÇÃO PSDB CIDADANIA(PSDB/CIDADANIA);Concorrendo;45888
MARCELO ARRUDA;PSD;Concorrendo;55755
MARCELO BAGÉ;PL;Concorrendo;22114
MARCELO CORDEIRO;FEDERAÇÃO BRASIL DA ESPERANÇA - FE BRASIL(PT/PC do B/PV);Concorrendo;13003
MARCELO HARTEMINK;REPUBLICANOS;Concorrendo;10000
MARCELO PERNONCINI FILHO;PL;Concorrendo;22831
MARCELO PITOL;PSD;Concorrendo;55001
MARCELO TEIXEIRA;DEMOCRATA;Concorrendo;35022
MÁRCIA BORGES;PDT;Concorrendo;12035
MÁRCIA LIMA;FEDERAÇÃO PSDB CIDADANIA(PSDB/CIDADANIA);Concorrendo;23423
MARCIA WEBER;PSD;Concorrendo;55180
MÁRCIO AMARAL;MDB;Concorrendo;15515
MARCIO ANTUNES;MDB;Concorrendo;15115
MARCIO FERREIRA;PSD;Concorrendo;55100
MÁRCIO FREITAS;MDB;Concorrendo;15915
MÁRCIO PATUSSI;PL;Concorrendo;22122
MARCO ALBA;MDB;Concorrendo;15234
MARCO ORSI;PL;Concorrendo;22500
MARCOS FELIPI;FEDERAÇÃO UNIÃO PROGRESSISTA(UNIÃO/PP);Concorrendo;11023
MARCOS KAYSER;NOVO;Concorrendo;30100
MARCUS VINÍCIUS;FEDERAÇÃO UNIÃO PROGRESSISTA(UNIÃO/PP);Concorrendo;11211
MARI KURZ;PDT;Concorrendo;12555
MARIA EUNICE;FEDERAÇÃO BRASIL DA ESPERANÇA - FE BRASIL(PT/PC do B/PV);Concorrendo;13513
MARINA BERNARDES;FEDERAÇÃO BRASIL DA ESPERANÇA - FE BRASIL(PT/PC do B/PV);Concorrendo;13456
MARINA CALLEGARO;FEDERAÇÃO BRASIL DA ESPERANÇA - FE BRASIL(PT/PC do B/PV);Concorrendo;13015
MÁRIO AUGUSTO;FEDERAÇÃO UNIÃO PROGRESSISTA(UNIÃO/PP);Concorrendo;11611
MARISA PROTETORA DE ANIMAIS;FEDERAÇÃO PSDB CIDADANIA(PSDB/CIDADANIA);Concorrendo;45000
MARISA SILVA;PSB;Concorrendo;40050
MARISOL SANTOS;FEDERAÇÃO PSDB CIDADANIA(PSDB/CIDADANIA);Concorrendo;45321
MARJORIE SASSET;FEDERAÇÃO PSOL REDE(PSOL/REDE);Concorrendo;50100
MARLI SERPA;REPUBLICANOS;Concorrendo;10107
MARLON SCHNEIDER (GIGANTE);NOVO;Inapto;30303
MARNE;PODE;Concorrendo;20026
MARTIN KALKMANN;NOVO;Concorrendo;30311
MATEUS DALRI;NOVO;Concorrendo;30001
MATEUS TROJAN;MDB;Concorrendo;15999
MATEUS WESP;PSD;Concorrendo;55055
MATHEUS AYRES;FEDERAÇÃO UNIÃO PROGRESSISTA(UNIÃO/PP);Concorrendo;11500
MATHEUS GOMES;FEDERAÇÃO PSOL REDE(PSOL/REDE);Concorrendo;50123
MATHEUS SCHILLING;NOVO;Concorrendo;30123
MATHEUS SPERRY;PODE;Concorrendo;20022
MATHEUS VICENTE;FEDERAÇÃO PSOL REDE(PSOL/REDE);Concorrendo;50050
MAURÍCIO SHOGUN;FEDERAÇÃO PSDB CIDADANIA(PSDB/CIDADANIA);Concorrendo;45345
MAURO ALMEIDA GESTOR DE RISCOS;REPUBLICANOS;Concorrendo;10011
MEL ALBUQUERQUE;PSD;Concorrendo;55000
MIGUEL PATRIOTA;PODE;Concorrendo;20221
MIGUEL ROSSETTO;FEDERAÇÃO BRASIL DA ESPERANÇA - FE BRASIL(PT/PC do B/PV);Concorrendo;13000
MILITSA BUENO;NOVO;Concorrendo;30737
MILLENA VIEIRA;FEDERAÇÃO UNIÃO PROGRESSISTA(UNIÃO/PP);Concorrendo;11777
MÍSSIONARIA FRANCINEIDE;DEMOCRATA;Concorrendo;35900
MISSIONÁRIA IVANETE;PODE;Concorrendo;20345
MOACIR ASCARI FERA;REPUBLICANOS;Concorrendo;10210
MOISÉS BARBOZA;FEDERAÇÃO PSDB CIDADANIA(PSDB/CIDADANIA);Concorrendo;45900
MOISÉS DE OLIVEIRA;REPUBLICANOS;Concorrendo;10007
MÔNICA;FEDERAÇÃO BRASIL DA ESPERANÇA - FE BRASIL(PT/PC do B/PV);Concorrendo;13789
MONYCA FERREIRA;PODE;Concorrendo;20420
MURILO;MDB;Concorrendo;15156
NADER;FEDERAÇÃO PSDB CIDADANIA(PSDB/CIDADANIA);Concorrendo;45123
NATÁLIA MEDINA;MISSÃO;Concorrendo;14444
NATASHA;FEDERAÇÃO BRASIL DA ESPERANÇA - FE BRASIL(PT/PC do B/PV);Concorrendo;13100
NEGA JULIA;MDB;Concorrendo;15315
NELSON KHALIL;PODE;Concorrendo;20027
NELSON SPOLAOR;FEDERAÇÃO BRASIL DA ESPERANÇA - FE BRASIL(PT/PC do B/PV);Concorrendo;13999
NERI O CARTEIRO;PSD;Concorrendo;55123
NETO JORGE;FEDERAÇÃO UNIÃO PROGRESSISTA(UNIÃO/PP);Inapto;11710
NICOLE WEBER COVATTI;FEDERAÇÃO UNIÃO PROGRESSISTA(UNIÃO/PP);Concorrendo;11011
NILCE;PL;Concorrendo;22111
NILVO RIBOLDI;FEDERAÇÃO BRASIL DA ESPERANÇA - FE BRASIL(PT/PC do B/PV);Concorrendo;65653
NIVEA SARAIVA;REPUBLICANOS;Concorrendo;10101
NOEMI FERNANDES;NOVO;Concorrendo;30007
NUNA PEREIRA;PODE;Concorrendo;20123
ORLEI BARBIERI;REPUBLICANOS;Concorrendo;10567
PAI TADEU;FEDERAÇÃO BRASIL DA ESPERANÇA - FE BRASIL(PT/PC do B/PV);Concorrendo;13777
PAPARICO BACCHI;PL;Concorrendo;22212
PASTOR ALÉCIO;FEDERAÇÃO PSDB CIDADANIA(PSDB/CIDADANIA);Concorrendo;45612
PASTOR VALMIR RAMOS;PSD;Inapto;55710
PASTORA SARA;PODE;Concorrendo;20135
PATRÍCIA CHAGAS;PL;Concorrendo;22007
PATRÍCIA PEIXE;PSTU;Concorrendo;16000
PAULA MASCARENHAS;PSD;Concorrendo;55053
PAULA SILVA;MISSÃO;Concorrendo;14777
PAULINHO;DEMOCRATA;Concorrendo;35035
PAULINHO DA BONJA;PDT;Concorrendo;12812
PAULINHO DA FARMACIA;PODE;Concorrendo;20300
PAULINHO PEREIRA;PODE;Concorrendo;20789
PAULINHO ZINN;REPUBLICANOS;Concorrendo;10555
PAULO DE TARSO;PSB;Concorrendo;40040
PAULO OPUSDEI;PODE;Concorrendo;20222
PAULO ORELHA;FEDERAÇÃO BRASIL DA ESPERANÇA - FE BRASIL(PT/PC do B/PV);Concorrendo;13888
PAULO ROSA;FEDERAÇÃO PSDB CIDADANIA(PSDB/CIDADANIA);Concorrendo;45005
PEDERSSETTI;FEDERAÇÃO UNIÃO PROGRESSISTA(UNIÃO/PP);Concorrendo;11007
PEDRO CAMPOS;FEDERAÇÃO BRASIL DA ESPERANÇA - FE BRASIL(PT/PC do B/PV);Concorrendo;43420
PEDRO MONTEIRO;MISSÃO;Concorrendo;14000
PEDRO PEREIRA;PSD;Concorrendo;55600
PEDRO STEIN;FEDERAÇÃO PSOL REDE(PSOL/REDE);Concorrendo;50500
PEPE VARGAS;FEDERAÇÃO BRASIL DA ESPERANÇA - FE BRASIL(PT/PC do B/PV);Concorrendo;13001
PICOLOTTO;FEDERAÇÃO BRASIL DA ESPERANÇA - FE BRASIL(PT/PC do B/PV);Concorrendo;13678
POLI MARTINAZZO;PDT;Concorrendo;12003
POLICIAL EVANDRO CORUJA;PL;Concorrendo;22001
POLICIAL MINETTI;PDT;Concorrendo;12112
POMPEO FILHO;PDT;Concorrendo;12120
PR OSÉAS COSTA;REPUBLICANOS;Concorrendo;10077
PRETO;MDB;Concorrendo;15678
PRETO KAYSER;NOVO;Concorrendo;30555
PRISCILA DE CASTRO;PSD;Concorrendo;55155
PROF ANDRESSA VIEIRA A CORUJON;REPUBLICANOS;Concorrendo;10810
PROF DANI;PODE;Concorrendo;20922
PROF. LUIZ FERNANDO;PDT;Concorrendo;12400
PROFESSOR ADILSON KUHN;PSB;Concorrendo;40555
PROFESSOR ALESSANDRO COSTA;REPUBLICANOS;Concorrendo;10121
PROFESSOR BONATTO;PSD;Concorrendo;55888
PROFESSOR CLÁUDIO BRANCHIERI;PL;Concorrendo;22777
PROFESSOR CONSTANTINO;MDB;Concorrendo;15333
PROFESSOR CORAZZA;FEDERAÇÃO BRASIL DA ESPERANÇA - FE BRASIL(PT/PC do B/PV);Concorrendo;13130
PROFESSOR DANIEL;PSD;Concorrendo;55355
PROFESSOR FERNANDO CECHINATO;PL;Concorrendo;22123
PROFESSOR FUMAGALLI;PDT;Concorrendo;12007
PROFESSOR GUILHERME;FEDERAÇÃO PSOL REDE(PSOL/REDE);Concorrendo;50150
PROFESSOR VITORINO;MDB;Concorrendo;15888
PROFESSORA BILINA;FEDERAÇÃO BRASIL DA ESPERANÇA - FE BRASIL(PT/PC do B/PV);Concorrendo;65651
PROFESSORA CHEILA;FEDERAÇÃO PSDB CIDADANIA(PSDB/CIDADANIA);Concorrendo;45022
PROFESSORA CLÁUDIA;FEDERAÇÃO UNIÃO PROGRESSISTA(UNIÃO/PP);Concorrendo;11888
PROFESSORA CLAUDIA BRUM;FEDERAÇÃO PSOL REDE(PSOL/REDE);Concorrendo;18123
PROFESSORA DANI KROEFF;FEDERAÇÃO PSOL REDE(PSOL/REDE);Concorrendo;50005
PROFESSORA HELENIR;FEDERAÇÃO BRASIL DA ESPERANÇA - FE BRASIL(PT/PC do B/PV);Concorrendo;13303
PROFESSORA NEUZA RUFATTO;PSD;Concorrendo;55789
PROFESSORA REGINA;PDT;Concorrendo;12123
PROFESSORA RITA;FEDERAÇÃO BRASIL DA ESPERANÇA - FE BRASIL(PT/PC do B/PV);Concorrendo;13213
RAFAEL ACOSTA AMARAL;FEDERAÇÃO UNIÃO PROGRESSISTA(UNIÃO/PP);Concorrendo;11066
RAFAEL BRAGA;MDB;Concorrendo;15015
RAMATIS DE OLIVEIRA;PL;Concorrendo;22233
RAMIRO ROSÁRIO;NOVO;Concorrendo;30000
RAQUEL ALVES;PSB;Concorrendo;40770
RÀQUEL MÖLLER;PDT;Concorrendo;12008
REGINA BECKER FORTUNATI;PDT;Concorrendo;12580
REJANE FALEIRO DEMOCRATA;DEMOCRATA;Concorrendo;35222
RENAN DA SILVA;PSB;Concorrendo;40042
REPÓRTER PASSARINHO;PDT;Concorrendo;12420
ROBERTA LEITÃO;PL;Concorrendo;22322
ROBERTO LUCCHESE;MDB;Concorrendo;15386
ROBERTO SILVEIRA;MDB;Concorrendo;15555
RODRIGO  FISCAL DO POVO;DEMOCRATA;Concorrendo;35555
RODRIGO CASSOL LIMA;PL;Concorrendo;22321
RODRIGO D'AVILA;NOVO;Concorrendo;30300
RODRIGO IPÊ;MDB;Concorrendo;15715
RODRIGO LORENZONI;FEDERAÇÃO UNIÃO PROGRESSISTA(UNIÃO/PP);Concorrendo;11022
RODRIGO RABUSKE;REPUBLICANOS;Concorrendo;10333
ROGÉRIO CHIMANSKI;FEDERAÇÃO PSOL REDE(PSOL/REDE);Concorrendo;18000
RONALDO SANTINI;PODE;Concorrendo;20500
RONIZE DAMASSINI;FEDERAÇÃO UNIÃO PROGRESSISTA(UNIÃO/PP);Concorrendo;11123
RONNIE MELLO;FEDERAÇÃO UNIÃO PROGRESSISTA(UNIÃO/PP);Concorrendo;11122
ROTH DA ACESSIBILIDADE;PSD;Concorrendo;55612
RUBENS O AGRÔNOMO DO PL;PL;Concorrendo;22611
RUI JORDÃO;PDT;Concorrendo;12056
RUIVO;FEDERAÇÃO UNIÃO PROGRESSISTA(UNIÃO/PP);Concorrendo;11444
SAIONARA MONDIALE;PL;Concorrendo;22017
SALMO;FEDERAÇÃO UNIÃO PROGRESSISTA(UNIÃO/PP);Concorrendo;11999
SALOMÃO MORAES;PODE;Concorrendo;20777
SAMARA GARCIA;UP;Concorrendo;80123
SÂMILA MONTEIRO;NOVO;Concorrendo;30222
SAMUEL MACIEL;NOVO;Concorrendo;30888
SANDRA PICOLI;FEDERAÇÃO BRASIL DA ESPERANÇA - FE BRASIL(PT/PC do B/PV);Concorrendo;65123
SANDRO BOKA;MDB;Concorrendo;15053
SANDRO DO COVATTI;FEDERAÇÃO UNIÃO PROGRESSISTA(UNIÃO/PP);Concorrendo;11111
SAPO VOZ DO POVO;FEDERAÇÃO PSDB CIDADANIA(PSDB/CIDADANIA);Concorrendo;45223
SARA GALL;PDT;Concorrendo;12712
SARGENTO SULIVAN;PODE;Concorrendo;20190
SARTORI;PODE;Concorrendo;20999
SAUAN ROCKENBACH;MISSÃO;Concorrendo;14014
SCALCO;PL;Concorrendo;22100
SERGIO PERES;REPUBLICANOS;Concorrendo;10300
SHEILA STASIAK;PSD;Concorrendo;55551
SIDI CARDOSO;FEDERAÇÃO BRASIL DA ESPERANÇA - FE BRASIL(PT/PC do B/PV);Concorrendo;13613
SILVINHO 9;FEDERAÇÃO UNIÃO PROGRESSISTA(UNIÃO/PP);Concorrendo;11009
SOCORRISTA;FEDERAÇÃO BRASIL DA ESPERANÇA - FE BRASIL(PT/PC do B/PV);Concorrendo;43192
SOFIA CAVEDON;FEDERAÇÃO BRASIL DA ESPERANÇA - FE BRASIL(PT/PC do B/PV);Concorrendo;13400
SOLDADO ARRUDA;PL;Concorrendo;22050
SÔNIA DO POSTO;MDB;Concorrendo;15215
SORA JU;FEDERAÇÃO PSOL REDE(PSOL/REDE);Concorrendo;50333
STELA FARIAS;FEDERAÇÃO BRASIL DA ESPERANÇA - FE BRASIL(PT/PC do B/PV);Concorrendo;13113
STELLA LUZARDO;FEDERAÇÃO UNIÃO PROGRESSISTA(UNIÃO/PP);Concorrendo;44111
TALIS FERREIRA;PODE;Concorrendo;20888
TÂNIA DA SILVA;MDB;Concorrendo;15615
TENENTE EMERSON;REPUBLICANOS;Concorrendo;10505
TENENTE NETO;NOVO;Concorrendo;30064
TENENTE PIERRE;REPUBLICANOS;Concorrendo;10190
THIAGO COSTA;FEDERAÇÃO PSDB CIDADANIA(PSDB/CIDADANIA);Concorrendo;23777
THIAGO DE LEON;PDT;Concorrendo;12050
TIAGO BITENCOURT;NOVO;Concorrendo;30333
TIAGO CADÓ;PDT;Concorrendo;12000
TIAGO MENEZES;PDT;Concorrendo;12345
TIAGO SIMON;MDB;Concorrendo;15777
UBAIARA DA ESCOVINHA;REPUBLICANOS;Concorrendo;10500
UILSON DROPPA;PODE;Concorrendo;20114
VALDIR OLIVEIRA;FEDERAÇÃO BRASIL DA ESPERANÇA - FE BRASIL(PT/PC do B/PV);Concorrendo;13713
VALÉSKA  WALBER;REPUBLICANOS;Concorrendo;10022
VALMIR LAND;REPUBLICANOS;Concorrendo;10666
VANESSA DE BORTOLI POUEY;REPUBLICANOS;Concorrendo;10770
VANICE DE MATOS;PL;Concorrendo;22215
VETERINÁRIA MARLENE NASCIMENTO;FEDERAÇÃO UNIÃO PROGRESSISTA(UNIÃO/PP);Concorrendo;11770
VILMAR O GARI;FEDERAÇÃO PSOL REDE(PSOL/REDE);Concorrendo;50010
VINICIUS BONDAN;PSB;Concorrendo;40004
VLADIA;PDT;Concorrendo;12005
VOLMAR MAURER PADARIA;PL;Concorrendo;22010
VOLMIR RODRIGUES GORDO;FEDERAÇÃO UNIÃO PROGRESSISTA(UNIÃO/PP);Concorrendo;11234
WAGNER GALARDÃO;PL;Concorrendo;22038
WAGNER PETRINI;PSB;Concorrendo;40240
XANDY BARBOSA;FEDERAÇÃO PSDB CIDADANIA(PSDB/CIDADANIA);Concorrendo;45055
YASMIN PRESTES;MDB;Concorrendo;15211
YOYO PANDA;PL;Concorrendo;22232
ZÉ MILANEZ;PL;Concorrendo;22220
ZÉ NUNES;FEDERAÇÃO BRASIL DA ESPERANÇA - FE BRASIL(PT/PC do B/PV);Concorrendo;13500
ZIANIA BOLZAN;PL;Concorrendo;22605
